{
  "col": 15,
  "n_rows": 149124,
  "winsor_lo": 50.1000023,
  "winsor_hi": 56.0,
  "winner_label": "blend:ridge+rf w=0.70",
  "train_mae_ridge": 1.137255878536261,
  "train_mae_hgb": 1.027541358679158,
  "train_mae_rf": 0.9507870664897542,
  "train_mae_blend": 1.0721087632901323,
  "train_mae_winner": 1.0721087632901323,
  "val_mae_naive_lag1": 0.6463260930089261,
  "val_mae_ridge": 0.5219822202605195,
  "val_mae_hgb": 0.5676270966798148,
  "val_mae_rf": 0.544627807436974,
  "val_mae_blend": 0.5098842886905927,
  "val_mae_winner": 0.5098842886905927,
  "sv_winner": "blend",
  "wf_disagrees_sv": false,
  "blend_a": "ridge",
  "blend_b": "rf",
  "blend_w_on_a": 0.7000000000000001,
  "test_mae_ridge": 0.13174661100484442,
  "test_mae_hgb": 0.20095951956666433,
  "test_mae_rf": 0.1466754659843325,
  "test_mae_blend": 0.1322205274702354,
  "test_mae_winner": 0.1322205274702354,
  "test_mae_at_sv_winner": 0.1322205274702354,
  "test_mae_at_wf_winner": 0.1322205274702354,
  "winner": "blend",
  "wf_used": true,
  "wf_n_folds": 7,
  "wf_mean_val_mae_ridge": 0.7751712542858392,
  "wf_mean_val_mae_hgb": 0.7407501047472336,
  "wf_mean_val_mae_rf": 0.7351449483313235,
  "wf_mean_val_mae_blend": 0.7211270913218518
}