{
  "col": 76,
  "n_rows": 140230,
  "winsor_lo": 382.0,
  "winsor_hi": 416.0,
  "winner_label": "blend:ridge+rf w=0.00",
  "train_mae_ridge": 1.6103593332921768,
  "train_mae_hgb": 1.2572876871814518,
  "train_mae_rf": 0.954671492192358,
  "train_mae_blend": 0.954671492192358,
  "train_mae_nnet": 7.629647011986285,
  "train_mae_winner": 0.954671492192358,
  "val_mae_naive_lag1": 2.449082908314178,
  "val_mae_ridge": 2.4969332007698988,
  "val_mae_hgb": 2.5168686225516503,
  "val_mae_rf": 2.2929145426818773,
  "val_mae_blend": 2.2929145426818773,
  "val_mae_nnet": 11.61359193333158,
  "val_mae_winner": 2.2929145426818773,
  "sv_winner": "rf",
  "wf_disagrees_sv": true,
  "blend_a": "ridge",
  "blend_b": "rf",
  "blend_w_on_a": 0.0,
  "test_mae_ridge": 2.4192177100841925,
  "test_mae_hgb": 2.4696688301250247,
  "test_mae_rf": 2.248268309290803,
  "test_mae_blend": 2.248268309290803,
  "test_mae_nnet": 31.300278931312818,
  "test_mae_winner": 2.248268309290803,
  "test_mae_at_sv_winner": 2.248268309290803,
  "test_mae_at_wf_winner": 2.248268309290803,
  "winner": "blend",
  "nnet_hparams": {
    "activation": "relu",
    "solver": "adam",
    "early_stopping": false,
    "shuffle": false,
    "max_iter": 800,
    "tol": 0.0001,
    "random_state": 42,
    "hidden_layer_sizes": [
      64,
      32
    ],
    "alpha": 0.001,
    "learning_rate_init": 0.0005
  },
  "wf_used": true,
  "wf_n_folds": 7,
  "wf_mean_val_mae_ridge": 1.809171621303463,
  "wf_mean_val_mae_hgb": 1.7658709056490296,
  "wf_mean_val_mae_rf": 1.5904160602182096,
  "wf_mean_val_mae_blend": 1.5886397774216896,
  "wf_mean_val_mae_nnet": 21.295549779921497
}