{
  "col": 75,
  "n_rows": 140850,
  "winsor_lo": 380.6666666666667,
  "winsor_hi": 412.0,
  "winner_label": "blend:ridge+rf w=0.18",
  "train_mae_ridge": 1.1435178928498673,
  "train_mae_hgb": 0.901734306672174,
  "train_mae_rf": 0.6825235987412464,
  "train_mae_blend": 0.7501681030787124,
  "train_mae_nnet": 7.63352630543227,
  "train_mae_winner": 0.7501681030787124,
  "val_mae_naive_lag1": 1.6386591888038613,
  "val_mae_ridge": 1.6158058631947587,
  "val_mae_hgb": 1.6460133660112717,
  "val_mae_rf": 1.5425894172004695,
  "val_mae_blend": 1.5374800620958462,
  "val_mae_nnet": 8.891537021451951,
  "val_mae_winner": 1.5374800620958462,
  "sv_winner": "blend",
  "wf_disagrees_sv": false,
  "blend_a": "ridge",
  "blend_b": "rf",
  "blend_w_on_a": 0.17500000000000002,
  "test_mae_ridge": 1.4946298927699069,
  "test_mae_hgb": 1.580933716206741,
  "test_mae_rf": 1.482176416844805,
  "test_mae_blend": 1.466809868600542,
  "test_mae_nnet": 14.707301742101224,
  "test_mae_winner": 1.466809868600542,
  "test_mae_at_sv_winner": 1.466809868600542,
  "test_mae_at_wf_winner": 1.466809868600542,
  "winner": "blend",
  "nnet_hparams": {
    "activation": "relu",
    "solver": "adam",
    "early_stopping": false,
    "shuffle": false,
    "max_iter": 800,
    "tol": 0.0001,
    "random_state": 42,
    "hidden_layer_sizes": [
      48
    ],
    "alpha": 0.0001,
    "learning_rate_init": 0.001
  },
  "wf_used": true,
  "wf_n_folds": 7,
  "wf_mean_val_mae_ridge": 1.2834968107075595,
  "wf_mean_val_mae_hgb": 1.2766781647685643,
  "wf_mean_val_mae_rf": 1.1107930914486617,
  "wf_mean_val_mae_blend": 1.1104806945633994,
  "wf_mean_val_mae_nnet": 9.615485206153476
}