{
  "col": 16,
  "n_rows": 149602,
  "winsor_lo": 50.0545855,
  "winsor_hi": 56.0,
  "winner_label": "blend:ridge+rf w=0.70",
  "train_mae_ridge": 1.1379615791163888,
  "train_mae_hgb": 1.042860391972661,
  "train_mae_rf": 0.9538748846764222,
  "train_mae_blend": 1.0733982466322327,
  "train_mae_nnet": 2.1760332906242357,
  "train_mae_winner": 1.0733982466322327,
  "val_mae_naive_lag1": 0.6585946882248959,
  "val_mae_ridge": 0.5294321366973548,
  "val_mae_hgb": 0.5647770662076451,
  "val_mae_rf": 0.5531804947894349,
  "val_mae_blend": 0.5199344043327995,
  "val_mae_nnet": 2.476343480732658,
  "val_mae_winner": 0.5199344043327995,
  "sv_winner": "blend",
  "wf_disagrees_sv": false,
  "blend_a": "ridge",
  "blend_b": "rf",
  "blend_w_on_a": 0.7000000000000001,
  "test_mae_ridge": 0.14566250106102469,
  "test_mae_hgb": 0.3370987236516238,
  "test_mae_rf": 0.17419608248253296,
  "test_mae_blend": 0.15061880594361718,
  "test_mae_nnet": 7.298567341728134,
  "test_mae_winner": 0.15061880594361718,
  "test_mae_at_sv_winner": 0.15061880594361718,
  "test_mae_at_wf_winner": 0.15061880594361718,
  "winner": "blend",
  "nnet_hparams": {
    "activation": "relu",
    "solver": "adam",
    "early_stopping": false,
    "shuffle": false,
    "max_iter": 800,
    "tol": 0.0001,
    "random_state": 42,
    "hidden_layer_sizes": [
      128,
      64
    ],
    "alpha": 0.0001,
    "learning_rate_init": 0.0005
  },
  "wf_used": true,
  "wf_n_folds": 7,
  "wf_mean_val_mae_ridge": 0.788396914965079,
  "wf_mean_val_mae_hgb": 0.7265660568978219,
  "wf_mean_val_mae_rf": 0.7323440443648263,
  "wf_mean_val_mae_blend": 0.721396131897042,
  "wf_mean_val_mae_nnet": 7.960628159305622
}