{
  "col": 17,
  "n_rows": 149163,
  "winsor_lo": 1.21499991,
  "winsor_hi": 2.2259500000000845,
  "winner_label": "blend:hgb+rf w=0.33",
  "train_mae_ridge": 0.13178359888946087,
  "train_mae_hgb": 0.12392888874865829,
  "train_mae_rf": 0.1113253074937139,
  "train_mae_blend": 0.11497949287700246,
  "train_mae_nnet": 0.15658907095604535,
  "train_mae_winner": 0.11497949287700246,
  "val_mae_naive_lag1": 0.17865260899881405,
  "val_mae_ridge": 0.1453971685812573,
  "val_mae_hgb": 0.13958087501622615,
  "val_mae_rf": 0.1383819610702191,
  "val_mae_blend": 0.13811625884857662,
  "val_mae_nnet": 0.15628523811107894,
  "val_mae_winner": 0.13811625884857662,
  "sv_winner": "blend",
  "wf_disagrees_sv": false,
  "blend_a": "hgb",
  "blend_b": "rf",
  "blend_w_on_a": 0.325,
  "test_mae_ridge": 0.16439433155660935,
  "test_mae_hgb": 0.15866122637701427,
  "test_mae_rf": 0.15825611386570135,
  "test_mae_blend": 0.15752757239485146,
  "test_mae_nnet": 0.21863926379469303,
  "test_mae_winner": 0.15752757239485146,
  "test_mae_at_sv_winner": 0.15752757239485146,
  "test_mae_at_wf_winner": 0.15752757239485146,
  "winner": "blend",
  "nnet_hparams": {
    "activation": "relu",
    "solver": "adam",
    "early_stopping": false,
    "shuffle": false,
    "max_iter": 800,
    "tol": 0.0001,
    "random_state": 42,
    "hidden_layer_sizes": [
      48
    ],
    "alpha": 0.0001,
    "learning_rate_init": 0.001
  },
  "wf_used": true,
  "wf_n_folds": 7,
  "wf_mean_val_mae_ridge": 0.14230529831732,
  "wf_mean_val_mae_hgb": 0.14042908375203228,
  "wf_mean_val_mae_rf": 0.14045610837060926,
  "wf_mean_val_mae_blend": 0.13842082968523853,
  "wf_mean_val_mae_nnet": 0.20193146917255095
}