{
  "col": 20,
  "n_rows": 149774,
  "winsor_lo": 3.4243880357000003,
  "winsor_hi": 9.329870080000145,
  "winner_label": "blend:ridge+rf w=0.05",
  "train_mae_ridge": 0.9658121416792879,
  "train_mae_hgb": 0.8912887888908185,
  "train_mae_rf": 0.8204542724278431,
  "train_mae_blend": 0.8259265794931868,
  "train_mae_nnet": 1.0307358178537651,
  "train_mae_winner": 0.8259265794931868,
  "val_mae_naive_lag1": 1.2462346596509992,
  "val_mae_ridge": 0.9842657692393283,
  "val_mae_hgb": 0.9726710402544714,
  "val_mae_rf": 0.9428395850492965,
  "val_mae_blend": 0.9425212053785513,
  "val_mae_nnet": 1.0403935052437279,
  "val_mae_winner": 0.9425212053785513,
  "sv_winner": "blend",
  "wf_disagrees_sv": false,
  "blend_a": "ridge",
  "blend_b": "rf",
  "blend_w_on_a": 0.05,
  "test_mae_ridge": 0.9940059535843891,
  "test_mae_hgb": 0.990696889182522,
  "test_mae_rf": 0.9835691422910116,
  "test_mae_blend": 0.9814500959960407,
  "test_mae_nnet": 1.105834839115304,
  "test_mae_winner": 0.9814500959960407,
  "test_mae_at_sv_winner": 0.9814500959960407,
  "test_mae_at_wf_winner": 0.9814500959960407,
  "winner": "blend",
  "nnet_hparams": {
    "activation": "relu",
    "solver": "adam",
    "early_stopping": false,
    "shuffle": false,
    "max_iter": 800,
    "tol": 0.0001,
    "random_state": 42,
    "hidden_layer_sizes": [
      64,
      32
    ],
    "alpha": 0.001,
    "learning_rate_init": 0.0005
  },
  "wf_used": true,
  "wf_n_folds": 7,
  "wf_mean_val_mae_ridge": 0.9762297841441686,
  "wf_mean_val_mae_hgb": 0.9351437748059761,
  "wf_mean_val_mae_rf": 0.9246530023020353,
  "wf_mean_val_mae_blend": 0.9208563927363578,
  "wf_mean_val_mae_nnet": 1.120798615462549
}