{
  "col": 71,
  "n_rows": 127048,
  "winsor_lo": 55.0,
  "winsor_hi": 78.9,
  "winner_label": "blend:hgb+rf w=0.88",
  "train_mae_ridge": 1.2785495175184847,
  "train_mae_hgb": 0.9473845480903994,
  "train_mae_rf": 0.7644329050270775,
  "train_mae_blend": 0.922382868647303,
  "train_mae_nnet": 2.463730862909442,
  "train_mae_winner": 0.922382868647303,
  "val_mae_naive_lag1": 1.1445932351921233,
  "val_mae_ridge": 1.4346123471476435,
  "val_mae_hgb": 1.2853511626679905,
  "val_mae_rf": 1.3382554173205121,
  "val_mae_blend": 1.2838757987279443,
  "val_mae_nnet": 3.421467119626746,
  "val_mae_winner": 1.2838757987279443,
  "sv_winner": "blend",
  "wf_disagrees_sv": false,
  "blend_a": "hgb",
  "blend_b": "rf",
  "blend_w_on_a": 0.875,
  "test_mae_ridge": 1.5975084174479495,
  "test_mae_hgb": 1.3747539666239035,
  "test_mae_rf": 1.5436852200925149,
  "test_mae_blend": 1.3687788113421386,
  "test_mae_nnet": 3.70150230126298,
  "test_mae_winner": 1.3687788113421386,
  "test_mae_at_sv_winner": 1.3687788113421386,
  "test_mae_at_wf_winner": 1.3687788113421386,
  "winner": "blend",
  "nnet_hparams": {
    "activation": "relu",
    "solver": "adam",
    "early_stopping": false,
    "shuffle": false,
    "max_iter": 800,
    "tol": 0.0001,
    "random_state": 42,
    "hidden_layer_sizes": [
      128,
      64
    ],
    "alpha": 0.0001,
    "learning_rate_init": 0.0005
  },
  "wf_used": true,
  "wf_n_folds": 7,
  "wf_mean_val_mae_ridge": 1.3301359111154112,
  "wf_mean_val_mae_hgb": 1.1141340897671077,
  "wf_mean_val_mae_rf": 1.1386494088424057,
  "wf_mean_val_mae_blend": 1.1031681238465012,
  "wf_mean_val_mae_nnet": 3.819504985475509
}