{
  "col": 77,
  "n_rows": 140564,
  "winsor_lo": 382.0,
  "winsor_hi": 415.0,
  "winner_label": "blend:ridge+rf w=0.30",
  "train_mae_ridge": 1.343407052982246,
  "train_mae_hgb": 1.0515028330222167,
  "train_mae_rf": 0.8067424620521862,
  "train_mae_blend": 0.9479563163694076,
  "train_mae_nnet": 6.445410867562646,
  "train_mae_winner": 0.9479563163694076,
  "val_mae_naive_lag1": 2.0615841979507756,
  "val_mae_ridge": 2.095753171205782,
  "val_mae_hgb": 2.1947616328724884,
  "val_mae_rf": 2.049298845651397,
  "val_mae_blend": 2.037234070518852,
  "val_mae_nnet": 8.94630248687243,
  "val_mae_winner": 2.037234070518852,
  "sv_winner": "blend",
  "wf_disagrees_sv": false,
  "blend_a": "ridge",
  "blend_b": "rf",
  "blend_w_on_a": 0.30000000000000004,
  "test_mae_ridge": 2.071850328083323,
  "test_mae_hgb": 2.2785367710484814,
  "test_mae_rf": 2.1528351955207077,
  "test_mae_blend": 2.1003906419379814,
  "test_mae_nnet": 24.243724654381776,
  "test_mae_winner": 2.1003906419379814,
  "test_mae_at_sv_winner": 2.1003906419379814,
  "test_mae_at_wf_winner": 2.1003906419379814,
  "winner": "blend",
  "nnet_hparams": {
    "activation": "relu",
    "solver": "adam",
    "early_stopping": false,
    "shuffle": false,
    "max_iter": 800,
    "tol": 0.0001,
    "random_state": 42,
    "hidden_layer_sizes": [
      48
    ],
    "alpha": 0.0001,
    "learning_rate_init": 0.001
  },
  "wf_used": true,
  "wf_n_folds": 7,
  "wf_mean_val_mae_ridge": 1.506884866318615,
  "wf_mean_val_mae_hgb": 1.5180679521821419,
  "wf_mean_val_mae_rf": 1.375123623889282,
  "wf_mean_val_mae_blend": 1.369713264197882,
  "wf_mean_val_mae_nnet": 9.592782243868793
}