{
  "col": 18,
  "n_rows": 149582,
  "winsor_lo": 1.2151549212000001,
  "winsor_hi": 2.183832502700002,
  "winner_label": "blend:hgb+rf w=0.38",
  "train_mae_ridge": 0.1318966414915859,
  "train_mae_hgb": 0.12517131359007316,
  "train_mae_rf": 0.11208641757070377,
  "train_mae_blend": 0.11651654769070165,
  "train_mae_nnet": 0.13877593728433862,
  "train_mae_winner": 0.11651654769070165,
  "val_mae_naive_lag1": 0.1875728575424279,
  "val_mae_ridge": 0.1488051894262194,
  "val_mae_hgb": 0.1439704309383126,
  "val_mae_rf": 0.14330930414543241,
  "val_mae_blend": 0.1425723995614554,
  "val_mae_nnet": 0.16078278610590585,
  "val_mae_winner": 0.1425723995614554,
  "sv_winner": "blend",
  "wf_disagrees_sv": false,
  "blend_a": "hgb",
  "blend_b": "rf",
  "blend_w_on_a": 0.375,
  "test_mae_ridge": 0.16536890448887093,
  "test_mae_hgb": 0.1577528435485996,
  "test_mae_rf": 0.15900817541644194,
  "test_mae_blend": 0.15754033594062453,
  "test_mae_nnet": 0.16976768916542517,
  "test_mae_winner": 0.15754033594062453,
  "test_mae_at_sv_winner": 0.15754033594062453,
  "test_mae_at_wf_winner": 0.15754033594062453,
  "winner": "blend",
  "nnet_hparams": {
    "activation": "relu",
    "solver": "adam",
    "early_stopping": false,
    "shuffle": false,
    "max_iter": 800,
    "tol": 0.0001,
    "random_state": 42,
    "hidden_layer_sizes": [
      48,
      24
    ],
    "alpha": 0.0001,
    "learning_rate_init": 0.002
  },
  "wf_used": true,
  "wf_n_folds": 7,
  "wf_mean_val_mae_ridge": 0.14413731878695346,
  "wf_mean_val_mae_hgb": 0.14306120081281978,
  "wf_mean_val_mae_rf": 0.1438359648887306,
  "wf_mean_val_mae_blend": 0.14112787446602004,
  "wf_mean_val_mae_nnet": 0.19409078549205785
}