{
  "col": 19,
  "n_rows": 149163,
  "winsor_lo": 3.41465259,
  "winsor_hi": 9.237698770000172,
  "winner_label": "blend:ridge+rf w=0.08",
  "train_mae_ridge": 0.9694439551723729,
  "train_mae_hgb": 0.8804151817703927,
  "train_mae_rf": 0.8166721038159366,
  "train_mae_blend": 0.8250257000457029,
  "train_mae_nnet": 1.027188409523843,
  "train_mae_winner": 0.8250257000457029,
  "val_mae_naive_lag1": 1.202628456279908,
  "val_mae_ridge": 0.974579844789965,
  "val_mae_hgb": 0.9400325274621657,
  "val_mae_rf": 0.9229647562508297,
  "val_mae_blend": 0.9226991971725018,
  "val_mae_nnet": 1.0336309382128825,
  "val_mae_winner": 0.9226991971725018,
  "sv_winner": "blend",
  "wf_disagrees_sv": false,
  "blend_a": "ridge",
  "blend_b": "rf",
  "blend_w_on_a": 0.07500000000000001,
  "test_mae_ridge": 1.002817693416229,
  "test_mae_hgb": 0.9741936074142042,
  "test_mae_rf": 0.9858734995959819,
  "test_mae_blend": 0.9826113654384632,
  "test_mae_nnet": 1.1435285479476944,
  "test_mae_winner": 0.9826113654384632,
  "test_mae_at_sv_winner": 0.9826113654384632,
  "test_mae_at_wf_winner": 0.9826113654384632,
  "winner": "blend",
  "nnet_hparams": {
    "activation": "relu",
    "solver": "adam",
    "early_stopping": false,
    "shuffle": false,
    "max_iter": 800,
    "tol": 0.0001,
    "random_state": 42,
    "hidden_layer_sizes": [
      128,
      64
    ],
    "alpha": 0.0001,
    "learning_rate_init": 0.0005
  },
  "wf_used": true,
  "wf_n_folds": 7,
  "wf_mean_val_mae_ridge": 0.9703037209697961,
  "wf_mean_val_mae_hgb": 0.8978204346330025,
  "wf_mean_val_mae_rf": 0.8951952655587638,
  "wf_mean_val_mae_blend": 0.8895430508936965,
  "wf_mean_val_mae_nnet": 1.1882191161390303
}